419136,6,1,2010-03-29,3,Feroz Shah Kotla,6,bat,runs,40,Result,6,187
981004,2,4,2016-05-18,9,M Chinnaswamy Stadium,4,field,runs,82,Result,2,8
980992,2,13,2016-05-14,9,M Chinnaswamy Stadium,13,field,runs,144,Result,2,110
980912,2,11,2016-04-12,9,M Chinnaswamy Stadium,11,field,runs,45,Result,2,110
829790,2,4,2015-05-06,8,M Chinnaswamy Stadium,4,field,runs,138,Result,2,162
829750,2,3,2015-04-22,8,M Chinnaswamy Stadium,2,field,runs,27,Result,3,21
829742,2,7,2015-04-19,8,M Chinnaswamy Stadium,2,field,runs,18,Result,7,50
734010,2,6,2014-05-13,7,M Chinnaswamy Stadium,6,field,runs,16,Result,2,27
734038,4,5,2014-05-23,7,Punjab Cricket Association Stadium Mohali,5,field,runs,16,Result,4,100
598061,4,11,2013-05-11,6,Punjab Cricket Association Stadium Mohali,4,field,runs,30,Result,11,17
598021,4,1,2013-04-16,6,Punjab Cricket Association Stadium Mohali,1,field,runs,4,Result,4,120
501256,4,7,2011-05-10,4,Punjab Cricket Association Stadium Mohali,7,field,runs,76,Result,4,302
501225,4,5,2011-04-21,4,Punjab Cricket Association Stadium Mohali,5,field,runs,48,Result,4,100
419129,4,5,2010-03-24,3,Punjab Cricket Association Stadium Mohali,4,field,runs,31,Result,5,230
336024,4,5,2008-05-28,1,Punjab Cricket Association Stadium Mohali,5,field,runs,41,Result,4,100
335996,4,7,2008-04-25,1,Punjab Cricket Association Stadium Mohali,7,field,runs,66,Result,4,26
981020,11,1,2016-05-25,9,Feroz Shah Kotla,1,field,runs,22,Result,11,163
980956,6,1,2016-04-30,9,Feroz Shah Kotla,1,field,runs,27,Result,6,408
980950,6,13,2016-04-27,9,Feroz Shah Kotla,6,field,runs,1,Result,13,350
980938,6,7,2016-04-23,9,Feroz Shah Kotla,7,field,runs,10,Result,6,351
829752,6,7,2015-04-23,8,Feroz Shah Kotla,7,field,runs,37,Result,6,393
598059,6,2,2013-05-10,6,Feroz Shah Kotla,6,field,runs,4,Result,2,346
548377,6,2,2012-05-17,5,Feroz Shah Kotla,6,field,runs,21,Result,2,162
548347,6,7,2012-04-27,5,Feroz Shah Kotla,7,field,runs,37,Result,6,41
548338,6,10,2012-04-21,5,Feroz Shah Kotla,6,field,runs,20,Result,10,1
501235,6,1,2011-04-28,4,Feroz Shah Kotla,6,field,runs,17,Result,1,87
501228,6,4,2011-04-23,4,Feroz Shah Kotla,4,field,runs,29,Result,6,187
419119,6,7,2010-03-17,3,Feroz Shah Kotla,6,field,runs,98,Result,7,133
336025,6,8,2008-05-15,1,Feroz Shah Kotla,8,field,runs,12,Result,6,136
336003,6,2,2008-04-30,1,Feroz Shah Kotla,2,field,runs,10,Result,6,118
829810,7,1,2015-05-14,8,Wankhede Stadium,1,field,runs,5,Result,7,400
829774,7,5,2015-05-01,8,Wankhede Stadium,5,field,runs,8,Result,7,208
829722,7,4,2015-04-12,8,Wankhede Stadium,7,field,runs,18,Result,4,197
734052,3,4,2014-05-30,7,Wankhede Stadium,3,field,runs,24,Result,4,41
734036,7,6,2014-05-23,7,Wankhede Stadium,6,field,runs,15,Result,7,19
733988,7,2,2014-05-06,7,Wankhede Stadium,2,field,runs,19,Result,7,57
598068,7,5,2013-05-15,6,Wankhede Stadium,5,field,runs,14,Result,7,207
548375,7,1,2012-05-16,5,Wankhede Stadium,7,field,runs,32,Result,1,315
548322,7,5,2012-04-11,5,Wankhede Stadium,5,field,runs,27,Result,7,221
548313,7,10,2012-04-06,5,Wankhede Stadium,7,field,runs,28,Result,10,306
501251,7,6,2011-05-07,4,Wankhede Stadium,6,field,runs,32,Result,7,208
501242,7,4,2011-05-02,4,Wankhede Stadium,4,field,runs,23,Result,7,221
501226,7,3,2011-04-22,4,Wankhede Stadium,3,field,runs,8,Result,7,50
336043,6,5,2008-05-30,1,Wankhede Stadium,6,field,runs,105,Result,5,32
336033,7,4,2008-05-21,1,Wankhede Stadium,7,field,runs,1,Result,4,100
981014,1,11,2016-05-22,9,Eden Gardens,11,field,runs,22,Result,1,31
980968,1,4,2016-05-04,9,Eden Gardens,4,field,runs,7,Result,1,334
829828,7,3,2015-05-24,8,Eden Gardens,3,field,runs,41,Result,7,57
829786,1,11,2015-05-04,8,Eden Gardens,11,field,runs,35,Result,1,232
734048,4,1,2014-05-27,7,Eden Gardens,4,field,runs,28,Result,1,232
734032,1,2,2014-05-22,7,Eden Gardens,2,field,runs,30,Result,1,46
548328,1,4,2012-04-15,5,Eden Gardens,1,field,runs,2,Result,4,315
501224,1,9,2011-04-20,4,Eden Gardens,1,field,runs,6,Result,9,64
598010,5,1,2013-04-08,6,Sawai Mansingh Stadium,1,field,runs,19,Result,5,39
548341,5,2,2012-04-23,5,Sawai Mansingh Stadium,5,field,runs,46,Result,2,110
548317,5,1,2012-04-08,5,Sawai Mansingh Stadium,1,field,runs,22,Result,5,104
548314,5,4,2012-04-06,5,Sawai Mansingh Stadium,4,field,runs,31,Result,5,85
501254,5,3,2011-05-09,4,Sawai Mansingh Stadium,5,field,runs,63,Result,3,185
419155,5,7,2010-04-11,3,Sawai Mansingh Stadium,5,field,runs,37,Result,7,133
336028,5,2,2008-05-17,1,Sawai Mansingh Stadium,2,field,runs,65,Result,5,74
980958,11,2,2016-04-30,9,Rajiv Gandhi International Stadium Uppal,2,field,runs,15,Result,11,187
980948,11,12,2016-04-26,9,Rajiv Gandhi International Stadium Uppal,12,field,runs,34,Result,12,106
829778,11,3,2015-05-02,8,Rajiv Gandhi International Stadium Uppal,3,field,runs,22,Result,11,187
598056,11,3,2013-05-08,6,Rajiv Gandhi International Stadium Uppal,11,field,runs,77,Result,3,21
598005,11,10,2013-04-05,6,Rajiv Gandhi International Stadium Uppal,10,field,runs,22,Result,11,136
548381,8,2,2012-05-20,5,Rajiv Gandhi International Stadium Uppal,2,field,runs,9,Result,8,94
548364,8,4,2012-05-08,5,Rajiv Gandhi International Stadium Uppal,8,field,runs,25,Result,4,236
501244,8,1,2011-05-03,4,Rajiv Gandhi International Stadium Uppal,8,field,runs,20,Result,1,31
501229,8,7,2011-04-24,4,Rajiv Gandhi International Stadium Uppal,8,field,runs,37,Result,7,194
501213,8,2,2011-04-14,4,Rajiv Gandhi International Stadium Uppal,2,field,runs,33,Result,8,94
336029,8,7,2008-05-18,1,Rajiv Gandhi International Stadium Uppal,8,field,runs,25,Result,7,71
829770,3,1,2015-04-28,8,MA Chidambaram Stadium Chepauk,1,field,runs,2,Result,3,71
829712,3,6,2015-04-09,8,MA Chidambaram Stadium Chepauk,6,field,runs,1,Result,3,73
598039,3,1,2013-04-28,6,MA Chidambaram Stadium Chepauk,1,field,runs,14,Result,3,19
548385,6,3,2012-05-25,5,MA Chidambaram Stadium Chepauk,6,field,runs,86,Result,3,185
548335,3,10,2012-04-19,5,MA Chidambaram Stadium Chepauk,10,field,runs,13,Result,3,324
501275,2,7,2011-05-27,4,MA Chidambaram Stadium Chepauk,7,field,runs,43,Result,2,162
501231,3,10,2011-04-25,4,MA Chidambaram Stadium Chepauk,10,field,runs,25,Result,3,19
336018,3,4,2008-05-10,1,MA Chidambaram Stadium Chepauk,4,field,runs,18,Result,3,151
335994,3,7,2008-04-23,1,MA Chidambaram Stadium Chepauk,7,field,runs,6,Result,3,18
501246,10,7,2011-05-04,4,Dr DY Patil Sports Academy,10,field,runs,21,Result,7,235
419135,8,7,2010-03-28,3,Dr DY Patil Sports Academy,8,field,runs,41,Result,7,50
419111,8,1,2010-03-12,3,Dr DY Patil Sports Academy,8,field,runs,11,Result,1,191
336009,7,6,2008-05-04,1,Dr DY Patil Sports Academy,6,field,runs,29,Result,7,49
392186,3,7,2009-04-18,2,Newlands,3,field,runs,19,Result,7,133
392228,8,6,2009-05-13,2,Kingsmead,8,field,runs,12,Result,6,89
392215,4,5,2009-05-05,2,Kingsmead,4,field,runs,78,Result,5,74
392191,4,1,2009-04-21,2,Kingsmead,1,field,runs,11,Result,1,162
392207,3,5,2009-04-30,2,SuperSport Park,5,field,runs,38,Result,3,21
392244,2,8,2009-05-24,2,New Wanderers Stadium,2,field,runs,6,Result,8,124
392234,8,4,2009-05-17,2,New Wanderers Stadium,8,field,runs,1,Result,4,27
392211,3,6,2009-05-02,2,New Wanderers Stadium,6,field,runs,18,Result,3,186
829792,5,11,2015-05-07,8,Brabourne Stadium,5,field,runs,7,Result,11,216
829782,5,6,2015-05-03,8,Brabourne Stadium,6,field,runs,14,Result,5,85
734016,5,6,2014-05-15,7,Sardar Patel Stadium Motera,6,field,runs,62,Result,5,85
733994,5,11,2014-05-08,7,Sardar Patel Stadium Motera,5,field,runs,32,Result,11,299
733984,5,1,2014-05-05,7,Sardar Patel Stadium Motera,1,field,runs,10,Result,5,370
733992,4,3,2014-05-07,7,Barabati Stadium,3,field,runs,44,Result,4,305
419122,8,4,2010-03-19,3,Barabati Stadium,4,field,runs,6,Result,8,56
419156,8,2,2010-04-12,3,Vidarbha Cricket Association Stadium Jamtha,2,field,runs,13,Result,8,256
598071,4,7,2013-05-18,6,Himachal Pradesh Cricket Association Stadium,7,field,runs,50,Result,4,321
598033,4,6,2013-05-16,6,Himachal Pradesh Cricket Association Stadium,6,field,runs,7,Result,4,320
501269,4,8,2011-05-21,4,Himachal Pradesh Cricket Association Stadium,4,field,runs,82,Result,8,42
501262,4,6,2011-05-15,4,Himachal Pradesh Cricket Association Stadium,6,field,runs,29,Result,4,67
501247,9,1,2011-05-05,4,Nehru Stadium,1,field,runs,17,Result,9,104
501234,9,8,2011-04-27,4,Nehru Stadium,9,field,runs,55,Result,8,84
981002,12,6,2016-05-17,9,Dr. Y.S. Rajasekhara Reddy ACA-VDCA Cricket Stadium,12,field,runs,19,Result,12,106
980998,7,6,2016-05-15,9,Dr. Y.S. Rajasekhara Reddy ACA-VDCA Cricket Stadium,6,field,runs,80,Result,7,413
980978,7,11,2016-05-08,9,Dr. Y.S. Rajasekhara Reddy ACA-VDCA Cricket Stadium,7,field,runs,85,Result,11,73
829748,11,1,2015-04-22,8,Dr. Y.S. Rajasekhara Reddy ACA-VDCA Cricket Stadium,1,field,runs,16,Result,11,187
548316,8,3,2012-04-07,5,Dr. Y.S. Rajasekhara Reddy ACA-VDCA Cricket Stadium,8,field,runs,74,Result,3,35
598023,10,11,2013-04-17,6,Subrata Roy Sahara Stadium,10,field,runs,11,Result,11,136
548367,10,2,2012-05-11,5,Subrata Roy Sahara Stadium,10,field,runs,35,Result,2,162
598040,6,10,2013-04-28,6,Shaheed Veer Narayan Singh International Stadium,10,field,runs,15,Result,6,187
598066,1,10,2013-05-15,6,JSCA International Stadium Complex,1,field,runs,7,Result,10,96
729312,1,4,2014-04-26,7,Sheikh Zayed Stadium,1,field,runs,23,Result,4,367
729304,2,1,2014-04-24,7,Sharjah Cricket Stadium,2,field,runs,2,Result,1,336
729300,4,11,2014-04-22,7,Sharjah Cricket Stadium,11,field,runs,72,Result,4,305
729322,7,11,2014-04-30,7,Dubai International Cricket Stadium,7,field,runs,15,Result,11,299
729302,5,3,2014-04-23,7,Dubai International Cricket Stadium,5,field,runs,7,Result,3,35
980936,12,2,2016-04-22,9,Maharashtra Cricket Association Stadium,12,field,runs,13,Result,2,110
829714,4,5,2015-04-10,8,Maharashtra Cricket Association Stadium,4,field,runs,26,Result,5,310
980982,4,2,2016-05-09,9,Punjab Cricket Association IS Bindra Stadium Mohali,4,field,runs,1,Result,2,32
980976,4,6,2016-05-07,9,Punjab Cricket Association IS Bindra Stadium Mohali,6,field,runs,9,Result,4,409
980946,4,7,2016-04-25,9,Punjab Cricket Association IS Bindra Stadium Mohali,4,field,runs,25,Result,7,17
980960,13,4,2016-05-01,9,Saurashtra Cricket Association Stadium,13,field,runs,23,Result,4,374
733996,2,4,2014-05-09,7,M Chinnaswamy Stadium,2,field,runs,32,Result,4,367
598073,2,3,2013-05-18,6,M Chinnaswamy Stadium,3,field,runs,24,Result,2,8
598032,2,10,2013-04-23,6,M Chinnaswamy Stadium,10,field,runs,130,Result,2,162
598004,2,7,2013-04-04,6,M Chinnaswamy Stadium,7,field,runs,2,Result,2,162
548384,3,7,2012-05-23,5,M Chinnaswamy Stadium,7,field,runs,38,Result,3,20
548320,2,1,2012-04-10,5,M Chinnaswamy Stadium,2,field,runs,42,Result,1,151
548315,2,6,2012-04-07,5,M Chinnaswamy Stadium,6,field,runs,20,Result,2,110
501249,2,4,2011-05-06,4,M Chinnaswamy Stadium,4,field,runs,85,Result,2,162
501237,2,10,2011-04-29,4,M Chinnaswamy Stadium,10,field,runs,26,Result,2,8
419162,2,7,2010-04-17,3,M Chinnaswamy Stadium,2,field,runs,57,Result,7,210
419133,2,6,2010-03-25,3,M Chinnaswamy Stadium,2,field,runs,17,Result,6,237
419128,2,3,2010-03-23,3,M Chinnaswamy Stadium,3,field,runs,36,Result,2,46
336039,2,8,2008-05-03,1,M Chinnaswamy Stadium,8,field,runs,3,Result,2,14
335987,2,1,2008-04-18,1,M Chinnaswamy Stadium,2,field,runs,140,Result,1,2
829808,4,2,2015-05-13,8,Punjab Cricket Association Stadium Mohali,2,field,runs,22,Result,4,374
829764,4,11,2015-04-27,8,Punjab Cricket Association Stadium Mohali,4,field,runs,20,Result,11,458
336005,5,1,2008-05-01,1,Sawai Mansingh Stadium,5,bat,runs,45,Result,5,101
829824,2,5,2015-05-20,8,Maharashtra Cricket Association Stadium,2,bat,runs,71,Result,2,110
392225,8,5,2009-05-11,2,De Beers Diamond Oval,8,bat,runs,53,Result,8,147
392235,6,5,2009-05-17,2,OUTsurance Oval,6,bat,runs,14,Result,6,110
829804,11,4,2015-05-11,8,Rajiv Gandhi International Stadium Uppal,11,bat,runs,5,Result,11,187
548329,2,5,2012-04-15,5,M Chinnaswamy Stadium,5,bat,runs,59,Result,5,85
829816,5,1,2015-05-16,8,Brabourne Stadium,5,bat,runs,9,Result,5,32
598072,10,6,2013-05-19,6,Subrata Roy Sahara Stadium,10,bat,runs,38,Result,10,358
598070,11,5,2013-05-17,6,Rajiv Gandhi International Stadium Uppal,11,bat,runs,23,Result,11,136
598058,10,1,2013-05-09,6,Subrata Roy Sahara Stadium,1,bat,runs,46,Result,1,40
419157,7,6,2010-04-13,3,Brabourne Stadium,7,bat,runs,39,Result,7,221
419143,7,8,2010-04-03,3,Brabourne Stadium,7,bat,runs,63,Result,7,208
336001,2,3,2008-04-28,1,M Chinnaswamy Stadium,3,bat,runs,13,Result,3,20
598047,10,2,2013-05-02,6,Subrata Roy Sahara Stadium,2,bat,runs,17,Result,2,110
598043,10,3,2013-04-30,6,Subrata Roy Sahara Stadium,3,bat,runs,37,Result,3,20
829780,4,7,2015-05-03,8,Punjab Cricket Association Stadium Mohali,7,bat,runs,23,Result,7,383
419112,7,5,2010-03-13,3,Brabourne Stadium,7,bat,runs,4,Result,7,31
729284,7,1,2014-04-16,7,Sheikh Zayed Stadium,1,bat,runs,41,Result,1,9
336019,8,1,2008-05-11,1,Rajiv Gandhi International Stadium Uppal,1,bat,runs,23,Result,1,1
734022,5,7,2014-05-19,7,Sardar Patel Stadium Motera,7,bat,runs,25,Result,7,19
548359,4,5,2012-05-05,5,Punjab Cricket Association Stadium Mohali,5,bat,runs,43,Result,5,32
829802,3,5,2015-05-10,8,MA Chidambaram Stadium Chepauk,3,bat,runs,12,Result,3,35
829784,3,2,2015-05-04,8,MA Chidambaram Stadium Chepauk,3,bat,runs,24,Result,3,21
829758,3,4,2015-04-25,8,MA Chidambaram Stadium Chepauk,3,bat,runs,97,Result,3,2
419132,4,1,2010-03-27,3,Punjab Cricket Association Stadium Mohali,1,bat,runs,39,Result,1,87
829716,3,11,2015-04-11,8,MA Chidambaram Stadium Chepauk,3,bat,runs,45,Result,3,2
598067,3,6,2013-05-14,6,MA Chidambaram Stadium Chepauk,3,bat,runs,33,Result,3,20
598046,3,4,2013-05-02,6,MA Chidambaram Stadium Chepauk,3,bat,runs,15,Result,3,21
336008,4,1,2008-05-03,1,Punjab Cricket Association Stadium Mohali,4,bat,runs,9,Result,4,29
548383,6,1,2012-05-22,5,Subrata Roy Sahara Stadium,1,bat,runs,18,Result,1,31
335988,4,3,2008-04-19,1,Punjab Cricket Association Stadium Mohali,3,bat,runs,33,Result,3,19
598020,3,10,2013-04-15,6,MA Chidambaram Stadium Chepauk,10,bat,runs,24,Result,10,306
419134,5,3,2010-03-28,3,Sardar Patel Stadium Motera,5,bat,runs,17,Result,5,183
598007,3,7,2013-04-06,6,MA Chidambaram Stadium Chepauk,7,bat,runs,9,Result,7,221
419123,5,1,2010-03-20,3,Sardar Patel Stadium Motera,5,bat,runs,34,Result,5,211
548357,3,8,2012-05-04,5,MA Chidambaram Stadium Chepauk,3,bat,runs,10,Result,3,21
548348,3,4,2012-04-28,5,MA Chidambaram Stadium Chepauk,4,bat,runs,7,Result,4,236
548380,10,1,2012-05-19,5,Subrata Roy Sahara Stadium,1,bat,runs,34,Result,1,276
501276,3,2,2011-05-28,4,MA Chidambaram Stadium Chepauk,3,bat,runs,58,Result,3,185
598075,3,7,2013-05-21,6,Feroz Shah Kotla,3,bat,runs,48,Result,3,19
501266,3,9,2011-05-18,4,MA Chidambaram Stadium Chepauk,3,bat,runs,11,Result,3,62
598025,6,3,2013-04-18,6,Feroz Shah Kotla,3,bat,runs,86,Result,3,19
598006,6,5,2013-04-06,6,Feroz Shah Kotla,5,bat,runs,5,Result,5,6
501258,3,6,2011-05-12,4,MA Chidambaram Stadium Chepauk,3,bat,runs,18,Result,3,20
548350,6,5,2012-04-29,5,Feroz Shah Kotla,6,bat,runs,1,Result,6,41
501241,3,8,2011-05-01,4,MA Chidambaram Stadium Chepauk,3,bat,runs,19,Result,3,109
548356,10,7,2012-05-03,5,Subrata Roy Sahara Stadium,7,bat,runs,1,Result,7,194
501216,3,2,2011-04-16,4,MA Chidambaram Stadium Chepauk,3,bat,runs,21,Result,3,19
501203,3,1,2011-04-08,4,MA Chidambaram Stadium Chepauk,3,bat,runs,2,Result,3,125
501221,6,8,2011-04-19,4,Feroz Shah Kotla,8,bat,runs,16,Result,8,65
419165,6,8,2010-04-18,3,Feroz Shah Kotla,8,bat,runs,11,Result,8,56
419145,6,2,2010-04-04,3,Feroz Shah Kotla,6,bat,runs,37,Result,6,241
419139,6,5,2010-03-31,3,Feroz Shah Kotla,6,bat,runs,67,Result,6,88
419147,3,7,2010-04-06,3,MA Chidambaram Stadium Chepauk,3,bat,runs,24,Result,3,21
419142,3,5,2010-04-03,3,MA Chidambaram Stadium Chepauk,3,bat,runs,23,Result,3,185
336027,6,4,2008-05-17,1,Feroz Shah Kotla,6,bat,runs,6,Result,4,64
419115,3,8,2010-03-14,3,MA Chidambaram Stadium Chepauk,8,bat,runs,31,Result,8,60
336038,3,5,2008-05-24,1,MA Chidambaram Stadium Chepauk,5,bat,runs,10,Result,5,109
981024,2,11,2016-05-29,9,M Chinnaswamy Stadium,11,bat,runs,8,Result,11,385
336034,3,2,2008-05-21,1,MA Chidambaram Stadium Chepauk,2,bat,runs,14,Result,2,124
548353,8,10,2012-05-01,5,Barabati Stadium,8,bat,runs,13,Result,8,26
829822,3,7,2015-05-19,8,Wankhede Stadium,7,bat,runs,25,Result,7,221
548346,10,8,2012-04-26,5,Subrata Roy Sahara Stadium,8,bat,runs,18,Result,8,10
829800,7,2,2015-05-10,8,Wankhede Stadium,2,bat,runs,39,Result,2,110
829756,7,11,2015-04-25,8,Wankhede Stadium,7,bat,runs,20,Result,7,194
419125,8,6,2010-03-21,3,Barabati Stadium,8,bat,runs,10,Result,8,56
419146,8,5,2010-04-05,3,Vidarbha Cricket Association Stadium Jamtha,5,bat,runs,2,Result,5,38
598055,7,1,2013-05-07,6,Wankhede Stadium,7,bat,runs,65,Result,7,133
598051,7,3,2013-05-05,6,Wankhede Stadium,7,bat,runs,60,Result,7,357
598042,7,4,2013-04-29,6,Wankhede Stadium,7,bat,runs,4,Result,7,57
598038,7,2,2013-04-27,6,Wankhede Stadium,7,bat,runs,58,Result,7,147
598016,7,10,2013-04-13,6,Wankhede Stadium,7,bat,runs,41,Result,7,57
598011,7,6,2013-04-09,6,Wankhede Stadium,7,bat,runs,44,Result,7,88
419170,3,7,2010-04-25,3,Dr DY Patil Sports Academy,3,bat,runs,22,Result,3,21
419168,3,8,2010-04-22,3,Dr DY Patil Sports Academy,3,bat,runs,38,Result,3,248
419167,2,7,2010-04-21,3,Dr DY Patil Sports Academy,7,bat,runs,35,Result,7,221
548318,10,4,2012-04-08,5,Subrata Roy Sahara Stadium,10,bat,runs,22,Result,10,307
501261,7,8,2011-05-14,4,Wankhede Stadium,8,bat,runs,10,Result,8,136
829798,6,11,2015-05-09,8,Shaheed Veer Narayan Singh International Stadium,11,bat,runs,6,Result,11,163
501265,4,2,2011-05-17,4,Himachal Pradesh Cricket Association Stadium,4,bat,runs,111,Result,4,53
392200,4,5,2009-04-26,2,Newlands,4,bat,runs,27,Result,4,26
392193,2,8,2009-04-22,2,Newlands,8,bat,runs,24,Result,8,53
392187,2,5,2009-04-18,2,Newlands,2,bat,runs,75,Result,2,6
392223,2,7,2009-05-10,2,St George's Park,7,bat,runs,16,Result,7,154
392202,1,7,2009-04-27,2,St George's Park,7,bat,runs,92,Result,7,133
392190,2,3,2009-04-20,2,St George's Park,3,bat,runs,92,Result,3,121
829766,1,6,2015-05-07,8,Eden Gardens,1,bat,runs,13,Result,1,67
392239,3,4,2009-05-20,2,Kingsmead,3,bat,runs,24,Result,3,121
392230,7,5,2009-05-14,2,Kingsmead,5,bat,runs,2,Result,5,38
501238,9,6,2011-04-30,4,Nehru Stadium,6,bat,runs,38,Result,6,41
598078,3,7,2013-05-26,6,Eden Gardens,7,bat,runs,23,Result,7,221
598018,1,11,2013-04-14,6,Eden Gardens,1,bat,runs,48,Result,1,40
392209,2,4,2009-05-01,2,Kingsmead,2,bat,runs,8,Result,2,27
392205,4,7,2009-04-29,2,Kingsmead,4,bat,runs,3,Result,4,26
548368,1,7,2012-05-12,5,Eden Gardens,7,bat,runs,27,Result,7,57
548358,1,10,2012-05-05,5,Eden Gardens,1,bat,runs,7,Result,1,315
548349,1,2,2012-04-28,5,Eden Gardens,1,bat,runs,47,Result,1,40
392197,8,7,2009-04-25,2,Kingsmead,8,bat,runs,12,Result,8,131
501250,1,3,2011-05-07,4,Eden Gardens,3,bat,runs,10,Result,1,140
392194,3,6,2009-04-23,2,Kingsmead,6,bat,runs,9,Result,6,110
501208,1,8,2011-04-11,4,Eden Gardens,1,bat,runs,9,Result,1,9
419149,1,6,2010-04-07,3,Eden Gardens,1,bat,runs,14,Result,1,1
419140,1,8,2010-04-01,3,Eden Gardens,1,bat,runs,24,Result,1,1
419118,1,3,2010-03-16,3,Eden Gardens,3,bat,runs,55,Result,3,20
392241,2,8,2009-05-21,2,SuperSport Park,2,bat,runs,12,Result,2,96
733976,3,1,2014-05-02,7,JSCA International Stadium Complex,3,bat,runs,34,Result,3,35
336030,1,3,2008-05-18,1,Eden Gardens,1,bat,runs,3,Result,3,122
336022,1,6,2008-05-13,1,Eden Gardens,1,bat,runs,23,Result,1,144
336015,1,2,2008-05-08,1,Eden Gardens,1,bat,runs,5,Result,1,1
598024,5,7,2013-04-17,6,Sawai Mansingh Stadium,5,bat,runs,87,Result,5,85
392219,3,4,2009-05-07,2,SuperSport Park,3,bat,runs,12,Result,3,18
548370,5,10,2012-05-13,5,Sawai Mansingh Stadium,5,bat,runs,45,Result,5,335
392217,8,7,2009-05-06,2,SuperSport Park,8,bat,runs,19,Result,8,57
392214,3,8,2009-05-04,2,Buffalo Park,3,bat,runs,78,Result,3,20
392208,1,7,2009-05-01,2,Buffalo Park,7,bat,runs,9,Result,7,154
980984,12,11,2016-05-10,9,Dr. Y.S. Rajasekhara Reddy ACA-VDCA Cricket Stadium,11,bat,runs,4,Result,11,430
729306,11,6,2014-04-25,7,Dubai International Cricket Stadium,11,bat,runs,4,Result,11,254
729298,3,6,2014-04-21,7,Sheikh Zayed Stadium,3,bat,runs,93,Result,3,21
829736,11,6,2015-04-18,8,Dr. Y.S. Rajasekhara Reddy ACA-VDCA Cricket Stadium,6,bat,runs,4,Result,6,154
980954,12,13,2016-04-29,9,Maharashtra Cricket Association Stadium,13,field,wickets,3,Result,13,147
980944,12,1,2016-04-24,9,Maharashtra Cricket Association Stadium,1,field,wickets,2,Result,1,308
598077,7,5,2013-05-24,6,Eden Gardens,5,bat,wickets,4,Result,7,50
829738,4,1,2015-04-18,8,Maharashtra Cricket Association Stadium,1,field,wickets,4,Result,1,334
598048,1,5,2013-05-03,6,Eden Gardens,5,bat,wickets,8,Result,1,31
598036,1,4,2013-04-26,6,Eden Gardens,4,bat,wickets,6,Result,1,9
419138,3,2,2010-03-31,3,MA Chidambaram Stadium Chepauk,2,bat,wickets,5,Result,3,185
598034,1,7,2013-04-24,6,Eden Gardens,1,bat,wickets,5,Result,7,147
980930,4,1,2016-04-19,9,Punjab Cricket Association IS Bindra Stadium Mohali,1,field,wickets,6,Result,1,46
980910,4,13,2016-04-11,9,Punjab Cricket Association IS Bindra Stadium Mohali,13,field,wickets,5,Result,13,254
980966,13,6,2016-05-03,9,Saurashtra Cricket Association Stadium,6,field,wickets,8,Result,6,420
598027,1,3,2013-04-20,6,Eden Gardens,1,bat,wickets,4,Result,3,35
980934,13,11,2016-04-21,9,Saurashtra Cricket Association Stadium,11,field,wickets,10,Result,11,299
981012,13,7,2016-05-21,9,Green Park,13,field,wickets,6,Result,13,21
981006,13,1,2016-05-19,9,Green Park,13,field,wickets,6,Result,13,147
335989,6,5,2008-04-19,1,Feroz Shah Kotla,5,bat,wickets,9,Result,6,90
733982,2,11,2014-05-04,7,M Chinnaswamy Stadium,2,field,wickets,4,Result,2,110
392227,4,7,2009-05-12,2,SuperSport Park,4,bat,wickets,8,Result,7,50
598050,2,4,2013-05-14,6,M Chinnaswamy Stadium,4,field,wickets,7,Result,4,53
598037,5,11,2013-04-27,6,Sawai Mansingh Stadium,11,bat,wickets,8,Result,5,310
598028,2,5,2013-04-20,6,M Chinnaswamy Stadium,2,field,wickets,7,Result,2,81
598013,2,1,2013-04-11,6,M Chinnaswamy Stadium,2,field,wickets,8,Result,2,162
392213,2,7,2009-05-03,2,New Wanderers Stadium,7,bat,wickets,9,Result,2,9
980906,7,12,2016-04-09,9,Wankhede Stadium,7,bat,wickets,9,Result,12,85
548372,2,7,2012-05-14,5,M Chinnaswamy Stadium,7,field,wickets,5,Result,7,208
548361,2,8,2012-05-06,5,M Chinnaswamy Stadium,2,field,wickets,5,Result,2,110
548355,2,4,2012-05-02,5,M Chinnaswamy Stadium,4,field,wickets,4,Result,4,321
980996,4,11,2016-05-15,9,Punjab Cricket Association IS Bindra Stadium Mohali,4,bat,wickets,7,Result,11,427
501209,5,6,2011-04-12,4,Sawai Mansingh Stadium,6,bat,wickets,6,Result,5,38
501271,2,3,2011-05-22,4,M Chinnaswamy Stadium,2,field,wickets,8,Result,2,162
501260,2,1,2011-05-14,4,M Chinnaswamy Stadium,2,field,wickets,4,Result,2,162
548382,5,7,2012-05-20,5,Sawai Mansingh Stadium,5,bat,wickets,10,Result,7,147
829788,7,6,2015-05-05,8,Wankhede Stadium,6,bat,wickets,5,Result,7,50
501210,2,7,2011-04-12,4,M Chinnaswamy Stadium,7,field,wickets,9,Result,7,133
336006,3,6,2008-05-02,1,MA Chidambaram Stadium Chepauk,3,bat,wickets,8,Result,6,41
419153,2,1,2010-04-10,3,M Chinnaswamy Stadium,2,field,wickets,7,Result,2,81
419150,2,8,2010-04-08,3,M Chinnaswamy Stadium,8,field,wickets,7,Result,8,178
392204,2,1,2009-04-29,2,Kingsmead,1,bat,wickets,5,Result,2,11
829734,7,3,2015-04-17,8,Wankhede Stadium,7,bat,wickets,6,Result,3,73
419120,2,5,2010-03-18,3,M Chinnaswamy Stadium,2,field,wickets,10,Result,2,9
335998,3,1,2008-04-26,1,MA Chidambaram Stadium Chepauk,1,bat,wickets,9,Result,3,22
336031,2,6,2008-05-19,1,M Chinnaswamy Stadium,6,field,wickets,5,Result,6,132
336017,2,7,2008-05-28,1,M Chinnaswamy Stadium,7,field,wickets,9,Result,7,149
336011,2,4,2008-05-05,1,M Chinnaswamy Stadium,4,field,wickets,6,Result,4,77
335997,2,5,2008-04-26,1,M Chinnaswamy Stadium,5,field,wickets,7,Result,5,32
548325,1,5,2012-04-13,5,Eden Gardens,5,bat,wickets,5,Result,1,276
548342,10,6,2012-04-24,5,Subrata Roy Sahara Stadium,10,bat,wickets,8,Result,6,41
981018,13,2,2016-05-24,9,M Chinnaswamy Stadium,2,field,wickets,4,Result,2,110
548327,10,3,2012-04-14,5,Subrata Roy Sahara Stadium,3,bat,wickets,7,Result,10,157
734004,2,5,2014-05-11,7,M Chinnaswamy Stadium,2,bat,wickets,5,Result,5,310
980986,2,7,2016-05-11,9,M Chinnaswamy Stadium,7,field,wickets,6,Result,7,413
980974,2,12,2016-05-07,9,M Chinnaswamy Stadium,2,field,wickets,7,Result,2,8
980964,2,1,2016-05-02,9,M Chinnaswamy Stadium,1,field,wickets,5,Result,1,334
980926,2,6,2016-04-17,9,M Chinnaswamy Stadium,6,field,wickets,7,Result,6,355
419152,8,3,2010-04-10,3,Vidarbha Cricket Association Stadium Jamtha,3,bat,wickets,6,Result,8,188
335992,5,4,2008-04-21,1,Sawai Mansingh Stadium,4,bat,wickets,6,Result,5,32
829776,2,1,2015-05-02,8,M Chinnaswamy Stadium,2,field,wickets,7,Result,2,236
501233,10,3,2011-04-27,4,Dr DY Patil Sports Academy,10,bat,wickets,8,Result,3,248
598053,2,11,2013-04-09,6,M Chinnaswamy Stadium,11,bat,wickets,7,Result,2,8
829724,2,11,2015-04-13,8,M Chinnaswamy Stadium,11,field,wickets,8,Result,11,187
734054,1,4,2014-06-01,7,M Chinnaswamy Stadium,1,field,wickets,3,Result,1,96
734040,2,3,2014-05-24,7,M Chinnaswamy Stadium,3,field,wickets,8,Result,3,20
733978,7,4,2014-05-03,7,Wankhede Stadium,4,bat,wickets,5,Result,7,372
734044,4,6,2014-05-25,7,Punjab Cricket Association Stadium Mohali,4,field,wickets,7,Result,4,345
392222,3,5,2009-05-09,2,De Beers Diamond Oval,5,bat,wickets,7,Result,3,23
734030,4,7,2014-05-21,7,Punjab Cricket Association Stadium Mohali,7,field,wickets,7,Result,7,383
598069,4,2,2013-05-06,6,Punjab Cricket Association Stadium Mohali,4,field,wickets,6,Result,4,320
548319,8,7,2012-04-09,5,Dr. Y.S. Rajasekhara Reddy ACA-VDCA Cricket Stadium,8,bat,wickets,5,Result,7,57
598057,4,5,2013-05-09,6,Punjab Cricket Association Stadium Mohali,5,field,wickets,8,Result,5,309
598030,4,10,2013-04-21,6,Punjab Cricket Association Stadium Mohali,4,field,wickets,7,Result,4,320
734018,3,2,2014-05-18,7,JSCA International Stadium Complex,3,bat,wickets,5,Result,2,110
598012,4,3,2013-04-10,6,Punjab Cricket Association Stadium Mohali,3,field,wickets,10,Result,3,19
548336,4,2,2012-04-20,5,Punjab Cricket Association Stadium Mohali,2,field,wickets,5,Result,2,162
548324,4,10,2012-04-12,5,Punjab Cricket Association Stadium Mohali,4,field,wickets,7,Result,4,137
729288,3,4,2014-04-18,7,Sheikh Zayed Stadium,3,bat,wickets,6,Result,4,305
980920,11,1,2016-04-16,9,Rajiv Gandhi International Stadium Uppal,11,bat,wickets,8,Result,1,40
501211,4,3,2011-04-13,4,Punjab Cricket Association Stadium Mohali,4,field,wickets,6,Result,4,167
829820,11,7,2015-05-17,8,Rajiv Gandhi International Stadium Uppal,11,bat,wickets,9,Result,7,403
419113,4,6,2010-03-13,3,Punjab Cricket Association Stadium Mohali,6,field,wickets,5,Result,6,40
336036,4,8,2008-05-23,1,Punjab Cricket Association Stadium Mohali,4,field,wickets,6,Result,4,100
829812,11,2,2015-05-15,8,Rajiv Gandhi International Stadium Uppal,11,bat,wickets,6,Result,2,8
598065,7,11,2013-05-13,6,Wankhede Stadium,11,bat,wickets,7,Result,7,221
981022,13,11,2016-05-27,9,Feroz Shah Kotla,11,field,wickets,4,Result,11,187
548332,2,10,2012-04-17,5,M Chinnaswamy Stadium,10,bat,wickets,6,Result,2,162
980970,6,12,2016-05-05,9,Feroz Shah Kotla,12,field,wickets,7,Result,12,85
419159,5,2,2010-04-14,3,Sawai Mansingh Stadium,5,bat,wickets,5,Result,2,158
981010,12,4,2016-05-21,9,Dr. Y.S. Rajasekhara Reddy ACA-VDCA Cricket Stadium,4,bat,wickets,4,Result,12,20
734026,11,2,2014-05-20,7,Rajiv Gandhi International Stadium Uppal,2,bat,wickets,7,Result,11,187
980918,6,4,2016-04-15,9,Feroz Shah Kotla,6,field,wickets,8,Result,6,136
829772,6,4,2015-05-01,8,Feroz Shah Kotla,6,field,wickets,9,Result,6,371
829762,6,2,2015-04-26,8,Feroz Shah Kotla,2,field,wickets,10,Result,2,296
734020,11,1,2014-05-18,7,Rajiv Gandhi International Stadium Uppal,11,bat,wickets,7,Result,1,232
829744,6,1,2015-04-20,8,Feroz Shah Kotla,1,field,wickets,6,Result,1,232
829720,6,5,2015-04-12,8,Feroz Shah Kotla,5,field,wickets,3,Result,5,394
734024,6,4,2014-05-19,7,Feroz Shah Kotla,4,field,wickets,4,Result,4,374
733998,6,11,2014-05-10,7,Feroz Shah Kotla,11,field,wickets,8,Result,11,94
733986,6,3,2014-05-05,7,Feroz Shah Kotla,3,field,wickets,8,Result,3,147
733980,6,5,2014-05-03,7,Feroz Shah Kotla,5,field,wickets,7,Result,5,339
598064,6,4,2013-04-23,6,Feroz Shah Kotla,4,field,wickets,5,Result,4,256
392196,2,4,2009-04-24,2,Kingsmead,2,bat,wickets,7,Result,4,161
501252,2,9,2011-05-08,4,M Chinnaswamy Stadium,9,bat,wickets,9,Result,2,162
734006,11,7,2014-05-12,7,Rajiv Gandhi International Stadium Uppal,11,bat,wickets,7,Result,7,208
598074,11,1,2013-05-19,6,Rajiv Gandhi International Stadium Uppal,1,bat,wickets,5,Result,11,17
548321,6,3,2012-04-10,5,Feroz Shah Kotla,6,field,wickets,8,Result,6,190
501243,6,9,2011-05-02,4,Feroz Shah Kotla,9,field,wickets,7,Result,9,294
548354,5,6,2012-05-01,5,Sawai Mansingh Stadium,5,bat,wickets,6,Result,6,322
501232,6,2,2011-04-26,4,Feroz Shah Kotla,2,field,wickets,3,Result,2,8
598060,10,7,2013-05-11,6,Subrata Roy Sahara Stadium,10,bat,wickets,5,Result,7,357
598049,11,6,2013-05-04,6,Rajiv Gandhi International Stadium Uppal,6,bat,wickets,6,Result,11,362
336037,6,7,2008-05-24,1,Feroz Shah Kotla,6,field,wickets,5,Result,6,88
598044,11,7,2013-05-01,6,Rajiv Gandhi International Stadium Uppal,7,bat,wickets,7,Result,11,84
336014,6,3,2008-05-08,1,Feroz Shah Kotla,3,field,wickets,4,Result,3,20
598026,11,4,2013-04-19,6,Rajiv Gandhi International Stadium Uppal,4,bat,wickets,5,Result,11,340
980932,7,2,2016-04-20,9,Wankhede Stadium,7,field,wickets,6,Result,7,57
980922,7,13,2016-04-16,9,Wankhede Stadium,13,field,wickets,3,Result,13,254
734008,3,5,2014-05-13,7,JSCA International Stadium Complex,5,bat,wickets,5,Result,3,35
501205,9,2,2011-04-09,4,Nehru Stadium,9,bat,wickets,6,Result,2,110
419117,2,4,2010-03-16,3,M Chinnaswamy Stadium,4,bat,wickets,8,Result,2,9
548378,8,5,2012-05-18,5,Rajiv Gandhi International Stadium Uppal,5,bat,wickets,5,Result,8,94
734046,7,5,2014-05-25,7,Wankhede Stadium,7,field,wickets,5,Result,7,372
501212,10,9,2011-04-13,4,Dr DY Patil Sports Academy,9,bat,wickets,4,Result,10,231
734000,7,3,2014-05-10,7,Wankhede Stadium,3,field,wickets,4,Result,3,147
548334,8,6,2012-05-10,5,Rajiv Gandhi International Stadium Uppal,8,bat,wickets,9,Result,6,187
501255,8,10,2011-05-10,4,Rajiv Gandhi International Stadium Uppal,8,bat,wickets,6,Result,10,253
501207,10,4,2011-04-10,4,Dr DY Patil Sports Academy,4,bat,wickets,7,Result,10,273
548365,7,2,2012-05-09,5,Wankhede Stadium,2,field,wickets,9,Result,2,162
548360,7,3,2012-05-06,5,Wankhede Stadium,7,field,wickets,2,Result,7,147
548351,7,8,2012-04-29,5,Wankhede Stadium,7,field,wickets,5,Result,7,94
548330,7,6,2012-04-16,5,Wankhede Stadium,6,field,wickets,7,Result,6,293
392237,2,6,2009-05-19,2,New Wanderers Stadium,6,bat,wickets,7,Result,2,9
419169,2,8,2010-04-24,3,Dr DY Patil Sports Academy,8,bat,wickets,9,Result,2,124
501274,7,1,2011-05-25,4,Wankhede Stadium,7,field,wickets,4,Result,7,126
501273,2,3,2011-05-24,4,Wankhede Stadium,3,field,wickets,6,Result,3,21
829814,4,3,2015-05-16,8,Punjab Cricket Association Stadium Mohali,4,bat,wickets,7,Result,3,322
419127,7,1,2010-03-22,3,Brabourne Stadium,1,bat,wickets,7,Result,7,133
548339,7,4,2012-04-22,5,Wankhede Stadium,7,bat,wickets,6,Result,4,100
501215,7,9,2011-04-15,4,Wankhede Stadium,9,field,wickets,8,Result,9,2
419124,7,2,2010-03-20,3,Brabourne Stadium,7,bat,wickets,7,Result,2,9
419166,1,7,2010-04-19,3,Eden Gardens,7,bat,wickets,9,Result,1,83
336026,7,1,2008-05-16,1,Wankhede Stadium,7,field,wickets,8,Result,7,49
336023,7,3,2008-05-14,1,Wankhede Stadium,7,field,wickets,9,Result,7,44
419163,1,5,2010-04-17,3,Eden Gardens,5,bat,wickets,8,Result,1,346
981000,1,2,2016-05-16,9,Eden Gardens,2,field,wickets,9,Result,2,8
980980,1,13,2016-05-08,9,Eden Gardens,13,field,wickets,5,Result,13,14
336042,8,3,2008-05-27,1,Rajiv Gandhi International Stadium Uppal,8,bat,wickets,7,Result,3,21
980914,1,7,2016-04-13,9,Eden Gardens,7,field,wickets,6,Result,7,57
980908,1,6,2016-04-10,9,Eden Gardens,1,field,wickets,9,Result,1,334
829740,5,3,2015-04-19,8,Sardar Patel Stadium Motera,3,bat,wickets,8,Result,5,85
548331,5,8,2012-04-17,5,Sawai Mansingh Stadium,8,bat,wickets,5,Result,5,104
829728,1,3,2015-04-30,8,Eden Gardens,1,field,wickets,7,Result,1,334
829718,1,2,2015-04-11,8,Eden Gardens,2,field,wickets,3,Result,2,162
829710,1,7,2015-04-08,8,Eden Gardens,1,field,wickets,7,Result,1,190
336007,8,2,2008-05-25,1,Rajiv Gandhi International Stadium Uppal,8,bat,wickets,5,Result,2,81
734042,1,11,2014-05-24,7,Eden Gardens,1,field,wickets,4,Result,1,31
829726,5,7,2015-04-14,8,Sardar Patel Stadium Motera,7,bat,wickets,7,Result,5,306
734028,1,3,2014-05-20,7,Eden Gardens,1,field,wickets,8,Result,1,46
598003,1,6,2013-04-03,6,Eden Gardens,1,field,wickets,6,Result,1,315
548373,1,3,2012-05-14,5,Eden Gardens,3,field,wickets,5,Result,3,19
729314,6,7,2014-04-27,7,Sharjah Cricket Stadium,7,bat,wickets,6,Result,6,185
548312,1,6,2012-04-05,5,Eden Gardens,6,field,wickets,8,Result,6,29
501272,1,7,2011-05-22,4,Eden Gardens,7,field,wickets,5,Result,7,275
501239,1,4,2011-04-30,4,Eden Gardens,1,field,wickets,8,Result,1,140
501227,1,2,2011-04-22,4,Eden Gardens,2,field,wickets,9,Result,2,162
335993,8,6,2008-04-22,1,Rajiv Gandhi International Stadium Uppal,8,bat,wickets,9,Result,6,41
501219,1,5,2011-04-17,4,Eden Gardens,1,field,wickets,8,Result,1,151
419114,1,2,2010-03-14,3,Eden Gardens,1,field,wickets,7,Result,1,87
336032,1,5,2008-05-20,1,Eden Gardens,5,field,wickets,6,Result,5,31
598063,5,3,2013-05-12,6,Sawai Mansingh Stadium,5,field,wickets,5,Result,5,32
598041,5,2,2013-04-29,6,Sawai Mansingh Stadium,5,field,wickets,4,Result,5,351
598019,5,4,2013-04-14,6,Sawai Mansingh Stadium,5,field,wickets,6,Result,5,310
548371,4,8,2012-05-13,5,Punjab Cricket Association Stadium Mohali,8,bat,wickets,4,Result,4,4
548366,5,3,2012-05-10,5,Sawai Mansingh Stadium,3,field,wickets,4,Result,3,451
729294,1,6,2014-04-19,7,Dubai International Cricket Stadium,1,bat,wickets,4,Result,6,154
548344,4,7,2012-04-25,5,Punjab Cricket Association Stadium Mohali,4,bat,wickets,4,Result,7,208
501268,7,5,2011-05-20,4,Wankhede Stadium,7,bat,wickets,10,Result,5,32
501257,5,2,2011-05-11,4,Sawai Mansingh Stadium,2,field,wickets,9,Result,2,270
548333,4,1,2012-04-18,5,Punjab Cricket Association Stadium Mohali,4,bat,wickets,8,Result,1,40
501240,5,10,2011-05-01,4,Sawai Mansingh Stadium,5,field,wickets,6,Result,5,52
501236,5,7,2011-04-29,4,Sawai Mansingh Stadium,5,field,wickets,7,Result,5,192
501230,5,9,2011-04-24,4,Sawai Mansingh Stadium,5,field,wickets,8,Result,5,38
501214,5,1,2011-04-15,4,Sawai Mansingh Stadium,1,field,wickets,9,Result,1,40
829794,3,7,2015-05-08,8,MA Chidambaram Stadium Chepauk,3,bat,wickets,6,Result,7,400
336041,5,7,2008-05-26,1,Sawai Mansingh Stadium,5,field,wickets,5,Result,5,102
419144,1,4,2010-04-04,3,Eden Gardens,1,bat,wickets,8,Result,4,64
336020,5,6,2008-05-11,1,Sawai Mansingh Stadium,5,field,wickets,3,Result,5,32
336016,5,8,2008-05-09,1,Sawai Mansingh Stadium,5,field,wickets,8,Result,5,31
980988,11,6,2016-05-12,9,Rajiv Gandhi International Stadium Uppal,6,field,wickets,7,Result,6,350
980972,11,13,2016-05-06,9,Rajiv Gandhi International Stadium Uppal,11,field,wickets,5,Result,11,299
501253,4,10,2011-05-08,4,Punjab Cricket Association Stadium Mohali,4,bat,wickets,5,Result,10,235
598014,10,5,2013-04-11,6,Subrata Roy Sahara Stadium,5,bat,wickets,7,Result,10,254
980940,11,4,2016-04-23,9,Rajiv Gandhi International Stadium Uppal,11,field,wickets,5,Result,11,460
980928,11,7,2016-04-18,9,Rajiv Gandhi International Stadium Uppal,11,field,wickets,7,Result,11,187
829806,6,3,2015-05-12,8,Shaheed Veer Narayan Singh International Stadium,3,bat,wickets,6,Result,6,15
734012,11,4,2014-05-14,7,Rajiv Gandhi International Stadium Uppal,4,field,wickets,6,Result,4,62
419151,4,7,2010-04-09,3,Punjab Cricket Association Stadium Mohali,7,bat,wickets,6,Result,4,26
419141,4,2,2010-04-02,3,Punjab Cricket Association Stadium Mohali,4,bat,wickets,6,Result,2,158
980942,13,2,2016-04-24,9,Saurashtra Cricket Association Stadium,2,bat,wickets,6,Result,13,8
729308,3,7,2014-04-25,7,Dubai International Cricket Stadium,7,bat,wickets,7,Result,3,364
501248,8,6,2011-05-05,4,Rajiv Gandhi International Stadium Uppal,6,field,wickets,4,Result,6,41
598008,10,4,2013-04-07,6,Subrata Roy Sahara Stadium,10,bat,wickets,8,Result,4,345
501223,7,10,2011-04-20,4,Wankhede Stadium,10,bat,wickets,7,Result,7,126
501217,8,4,2011-04-16,4,Rajiv Gandhi International Stadium Uppal,4,field,wickets,8,Result,4,167
392203,6,5,2009-04-28,2,SuperSport Park,6,bat,wickets,5,Result,5,31
501204,8,5,2011-04-09,4,Rajiv Gandhi International Stadium Uppal,5,field,wickets,8,Result,5,39
336021,4,2,2008-05-12,1,Punjab Cricket Association Stadium Mohali,2,bat,wickets,9,Result,4,100
336004,8,4,2008-05-01,1,Rajiv Gandhi International Stadium Uppal,4,field,wickets,7,Result,4,100
335995,8,5,2008-04-24,1,Rajiv Gandhi International Stadium Uppal,5,field,wickets,3,Result,5,31
336044,3,4,2008-05-31,1,Wankhede Stadium,4,bat,wickets,9,Result,3,122
336000,4,6,2008-04-27,1,Punjab Cricket Association Stadium Mohali,6,bat,wickets,4,Result,4,28
336040,1,4,2008-05-25,1,Eden Gardens,4,bat,wickets,3,Result,1,105
598017,3,2,2013-04-13,6,MA Chidambaram Stadium Chepauk,3,field,wickets,4,Result,3,35
392189,8,1,2009-04-19,2,Newlands,1,bat,wickets,8,Result,8,61
548369,3,6,2012-05-12,5,MA Chidambaram Stadium Chepauk,3,field,wickets,9,Result,3,451
598035,3,11,2013-04-25,6,MA Chidambaram Stadium Chepauk,11,bat,wickets,5,Result,3,20
548311,3,7,2012-04-04,5,MA Chidambaram Stadium Chepauk,7,field,wickets,8,Result,7,304
598031,3,5,2013-04-22,6,MA Chidambaram Stadium Chepauk,5,bat,wickets,5,Result,3,19
598045,6,1,2013-05-01,6,Shaheed Veer Narayan Singh International Stadium,1,bat,wickets,7,Result,6,187
392220,6,7,2009-05-08,2,Buffalo Park,7,bat,wickets,7,Result,6,73
336012,3,8,2008-05-06,1,MA Chidambaram Stadium Chepauk,8,field,wickets,7,Result,8,53
335990,7,2,2008-04-20,1,Wankhede Stadium,7,bat,wickets,5,Result,2,11
501267,10,1,2011-05-19,4,Dr DY Patil Sports Academy,1,field,wickets,7,Result,1,31
501264,10,8,2011-05-16,4,Dr DY Patil Sports Academy,8,field,wickets,6,Result,8,136
548386,1,3,2012-05-27,5,MA Chidambaram Stadium Chepauk,3,bat,wickets,5,Result,1,214
501218,10,6,2011-04-17,4,Dr DY Patil Sports Academy,6,field,wickets,3,Result,6,27
419131,5,8,2010-03-26,3,Sardar Patel Stadium Motera,8,bat,wickets,8,Result,5,31
980924,4,12,2016-04-17,9,Punjab Cricket Association IS Bindra Stadium Mohali,12,bat,wickets,6,Result,4,345
336045,3,5,2008-06-01,1,Dr DY Patil Sports Academy,5,field,wickets,3,Result,5,31
336013,7,5,2008-05-07,1,Dr DY Patil Sports Academy,7,field,wickets,7,Result,7,73
392232,3,7,2009-05-16,2,St George's Park,7,bat,wickets,7,Result,3,18
335999,7,8,2008-04-27,1,Dr DY Patil Sports Academy,8,field,wickets,10,Result,8,53
392188,6,4,2009-04-19,2,Newlands,6,field,wickets,10,Result,6,175
548352,3,1,2012-04-30,5,MA Chidambaram Stadium Chepauk,3,bat,wickets,5,Result,1,40
392238,1,5,2009-05-20,2,Kingsmead,1,field,wickets,4,Result,1,63
980994,1,12,2016-05-14,9,Eden Gardens,12,bat,wickets,8,Result,1,31
548337,3,5,2012-04-21,5,MA Chidambaram Stadium Chepauk,5,bat,wickets,7,Result,3,303
392201,3,8,2009-04-27,2,Kingsmead,8,field,wickets,6,Result,8,97
419148,5,4,2010-04-07,3,Sawai Mansingh Stadium,4,bat,wickets,9,Result,5,224
392242,6,8,2009-05-22,2,SuperSport Park,8,field,wickets,6,Result,8,53
392240,6,7,2009-05-21,2,SuperSport Park,6,field,wickets,4,Result,6,41
392226,2,1,2009-05-12,2,SuperSport Park,2,field,wickets,6,Result,2,52
392218,2,5,2009-05-07,2,SuperSport Park,5,field,wickets,7,Result,5,196
548323,3,2,2012-04-12,5,MA Chidambaram Stadium Chepauk,2,bat,wickets,5,Result,3,303
392206,8,6,2009-04-30,2,SuperSport Park,6,field,wickets,6,Result,6,223
733990,6,1,2014-05-07,7,Feroz Shah Kotla,6,bat,wickets,8,Result,1,40
392243,2,3,2009-05-23,2,New Wanderers Stadium,2,field,wickets,6,Result,2,96
729316,11,3,2014-04-27,7,Sharjah Cricket Stadium,11,bat,wickets,5,Result,3,147
392233,8,1,2009-05-16,2,New Wanderers Stadium,8,field,wickets,6,Result,8,57
392224,6,1,2009-05-10,2,New Wanderers Stadium,6,field,wickets,7,Result,6,136
392212,4,1,2009-05-03,2,St George's Park,1,bat,wickets,6,Result,4,64
392221,8,4,2009-05-09,2,De Beers Diamond Oval,4,field,wickets,3,Result,4,64
392231,6,4,2009-05-15,2,OUTsurance Oval,4,field,wickets,6,Result,4,66
598076,5,11,2013-05-22,6,Feroz Shah Kotla,11,bat,wickets,4,Result,5,104
392210,8,5,2009-05-02,2,St George's Park,8,bat,wickets,3,Result,5,31
734050,3,7,2014-05-28,7,Brabourne Stadium,3,field,wickets,7,Result,3,21
419137,7,4,2010-03-30,3,Brabourne Stadium,7,field,wickets,4,Result,7,194
419130,7,3,2010-03-25,3,Brabourne Stadium,7,field,wickets,5,Result,7,133
829754,5,2,2015-04-24,8,Sardar Patel Stadium Motera,2,field,wickets,9,Result,2,378
548363,10,5,2012-05-08,5,Subrata Roy Sahara Stadium,10,bat,wickets,7,Result,5,32
336010,5,3,2008-05-04,1,Sawai Mansingh Stadium,3,bat,wickets,8,Result,5,102
598029,6,7,2013-04-21,6,Feroz Shah Kotla,7,bat,wickets,9,Result,6,41
419116,5,6,2010-03-15,3,Sardar Patel Stadium Motera,6,field,wickets,6,Result,6,41
734014,1,7,2014-05-14,7,Barabati Stadium,1,field,wickets,6,Result,1,46
734002,4,1,2014-05-11,7,Barabati Stadium,1,field,wickets,9,Result,1,40
392199,2,6,2009-04-26,2,St George's Park,2,bat,wickets,6,Result,6,135
548340,8,1,2012-04-22,5,Barabati Stadium,1,field,wickets,5,Result,1,66
598015,6,11,2013-04-12,6,Feroz Shah Kotla,6,bat,wickets,3,Result,11,136
829796,1,4,2015-05-09,8,Eden Gardens,4,bat,wickets,1,Result,1,334
980990,7,4,2016-05-13,9,Dr. Y.S. Rajasekhara Reddy ACA-VDCA Cricket Stadium,7,bat,wickets,7,Result,4,409
548374,6,4,2012-05-15,5,Feroz Shah Kotla,4,bat,wickets,5,Result,6,232
548379,4,6,2012-05-19,5,Himachal Pradesh Cricket Association Stadium,6,field,wickets,6,Result,6,232
548376,4,3,2012-05-17,5,Himachal Pradesh Cricket Association Stadium,4,field,wickets,6,Result,4,53
548362,6,1,2012-05-07,5,Feroz Shah Kotla,6,bat,wickets,6,Result,1,9
336002,1,7,2008-04-29,1,Eden Gardens,1,bat,wickets,7,Result,7,44
419164,4,3,2010-04-18,3,Himachal Pradesh Cricket Association Stadium,3,field,wickets,6,Result,3,20
419161,4,8,2010-04-16,3,Himachal Pradesh Cricket Association Stadium,8,field,wickets,5,Result,8,57
501245,3,5,2011-05-04,4,MA Chidambaram Stadium Chepauk,5,bat,wickets,8,Result,3,19
335991,1,8,2008-04-20,1,Eden Gardens,8,bat,wickets,5,Result,1,4
501220,9,3,2011-04-18,4,Nehru Stadium,9,field,wickets,7,Result,9,2
501263,9,5,2011-05-15,4,Holkar Cricket Stadium,9,field,wickets,8,Result,9,104
501259,9,4,2011-05-13,4,Holkar Cricket Stadium,4,field,wickets,6,Result,4,88
548326,6,8,2012-04-19,5,Feroz Shah Kotla,8,bat,wickets,5,Result,6,158
829730,4,6,2015-04-15,8,Maharashtra Cricket Association Stadium,4,bat,wickets,5,Result,6,260
392236,3,1,2009-05-18,2,SuperSport Park,3,bat,wickets,7,Result,1,104
392229,2,3,2009-05-14,2,Kingsmead,3,bat,wickets,2,Result,2,52
829732,11,5,2015-04-16,8,Dr. Y.S. Rajasekhara Reddy ACA-VDCA Cricket Stadium,5,field,wickets,6,Result,5,85
419160,3,6,2010-04-15,3,MA Chidambaram Stadium Chepauk,3,bat,wickets,6,Result,6,40
419158,3,1,2010-04-13,3,MA Chidambaram Stadium Chepauk,1,bat,wickets,9,Result,3,201
980916,13,12,2016-04-14,9,Saurashtra Cricket Association Stadium,12,bat,wickets,7,Result,13,254
981016,6,2,2016-05-22,9,Shaheed Veer Narayan Singh International Stadium,2,field,wickets,6,Result,2,8
981008,6,11,2016-05-20,9,Shaheed Veer Narayan Singh International Stadium,6,field,wickets,6,Result,6,339
501206,6,7,2011-04-10,4,Feroz Shah Kotla,6,bat,wickets,8,Result,7,194
829826,3,2,2015-05-22,8,JSCA International Stadium Complex,3,field,wickets,3,Result,3,73
734034,3,11,2014-05-22,7,JSCA International Stadium Complex,11,field,wickets,6,Result,11,187
392216,6,1,2009-05-05,2,Kingsmead,1,bat,wickets,9,Result,6,40
598062,1,2,2013-05-12,6,JSCA International Stadium Complex,1,field,wickets,5,Result,1,9
419154,6,4,2010-04-11,3,Feroz Shah Kotla,6,bat,wickets,7,Result,4,67
729310,5,2,2014-04-26,7,Sheikh Zayed Stadium,5,field,wickets,6,Result,5,370
729290,11,5,2014-04-18,7,Sheikh Zayed Stadium,5,field,wickets,4,Result,5,85
598054,5,6,2013-05-07,6,Sawai Mansingh Stadium,6,bat,wickets,9,Result,5,85
598052,5,10,2013-05-05,6,Sawai Mansingh Stadium,10,bat,wickets,5,Result,5,85
729296,5,4,2014-04-20,7,Sharjah Cricket Stadium,4,field,wickets,7,Result,4,305
729286,6,2,2014-04-17,7,Sharjah Cricket Stadium,2,field,wickets,8,Result,2,382
980952,7,1,2016-04-28,9,Wankhede Stadium,7,field,wickets,6,Result,7,57
729318,4,2,2014-04-28,7,Dubai International Cricket Stadium,4,field,wickets,5,Result,4,367
419121,6,3,2010-03-19,3,Feroz Shah Kotla,6,bat,wickets,5,Result,3,18
729292,2,7,2014-04-19,7,Dubai International Cricket Stadium,2,field,wickets,7,Result,2,17
980962,12,7,2016-05-01,9,Maharashtra Cricket Association Stadium,7,field,wickets,8,Result,7,57
